{
  "protocol_version" : "0.0.6",
  "configuration" : {
    "version" : "(6.12.0.140) (2020-02/51d876a041e)",
    "tlc" : "normal",
    "sigsgev" : "altstack",
    "notifications" : "kqueue",
    "architecture" : "amd64",
    "disabled_features" : "none",
    "smallconfig" : "disabled",
    "bigarrays" : "disabled",
    "softdebug" : "enabled",
    "interpreter" : "enabled",
    "llvm_support" : "0",
    "suspend" : "hybrid"
  },
  "memory" : {
    "Resident Size" : "152760320",
    "Virtual Size" : "5898620928",
    "minor_gc_time" : "0",
    "major_gc_time" : "0",
    "minor_gc_count" : "0",
    "major_gc_count" : "0",
    "major_gc_time_concurrent" : "0"
 },
  "threads" : [
 {
    "is_managed" : false,
    "offset_free_hash" : "0x0",
    "offset_rich_hash" : "0x0",
    "crashed" : false,
    "native_thread_id" : "0x7000023c2000",
    "thread_info_addr" : "0x7fcdc6044600",
    "thread_name" : "Finalizer",
    "ctx" : {
      "IP" : "0x7fff2047e2f6",
      "SP" : "0x7000023c1eb8",
      "BP" : "0x7000023c1f00"
  },
    "unmanaged_frames" : [
  {
      "is_managed" : "false",
      "native_address" : "0x105431956",
      "native_offset" : "0x00000"
   }
,
  {
      "is_managed" : "false",
      "native_address" : "0x1055cd0d5",
      "native_offset" : "0x00000"
   }
,
  {
      "is_managed" : "false",
      "native_address" : "0x1055cce07",
      "native_offset" : "0x00000"
   }
,
  {
      "is_managed" : "false",
      "native_address" : "0x10549d920",
      "native_offset" : "0x00000"
   }
,
  {
      "is_managed" : "false",
      "native_address" : "0x7fff204f8d7d",
      "native_offset" : "0x00000"
   }
,
  {
      "is_managed" : "false",
      "native_address" : "unregistered"
   }
,
  {
      "is_managed" : "false",
      "native_address" : "0x1055cdd1d",
      "native_offset" : "0x00000"
   }
,
  {
      "is_managed" : "false",
      "native_address" : "0x7fff204b38fc",
      "native_offset" : "0x00000"
   }
,
  {
      "is_managed" : "false",
      "native_address" : "0x7fff204af443",
      "native_offset" : "0x00000"
   }

  ]
 },
 {
    "is_managed" : false,
    "offset_free_hash" : "0x0",
    "offset_rich_hash" : "0x0",
    "crashed" : false,
    "native_thread_id" : "0x1127e8e00",
    "thread_info_addr" : "0x7fcdc6011a00",
    "thread_name" : "tid_103",
    "ctx" : {
      "IP" : "0x7fff20480cde",
      "SP" : "0x7ffeea87eb78",
      "BP" : "0x7ffeea87ec20"
  },
    "unmanaged_frames" : [
  {
      "is_managed" : "false",
      "native_address" : "0x105431956",
      "native_offset" : "0x00000"
   }
,
  {
      "is_managed" : "false",
      "native_address" : "0x1055cd0d5",
      "native_offset" : "0x00000"
   }
,
  {
      "is_managed" : "false",
      "native_address" : "0x1055cce07",
      "native_offset" : "0x00000"
   }
,
  {
      "is_managed" : "false",
      "native_address" : "0x10549d920",
      "native_offset" : "0x00000"
   }
,
  {
      "is_managed" : "false",
      "native_address" : "0x7fff204f8d7d",
      "native_offset" : "0x00000"
   }
,
  {
      "is_managed" : "false",
      "native_address" : "0x7ffeea87ea00",
      "native_offset" : "0x00000"
   }
,
  {
      "is_managed" : "false",
      "native_address" : "0x105667e80",
      "native_offset" : "0x00000"
   }
,
  {
      "is_managed" : "false",
      "native_address" : "0x10567ffb1",
      "native_offset" : "0x00000"
   }
,
  {
      "is_managed" : "false",
      "native_address" : "0x1055c9ff4",
      "native_offset" : "0x00000"
   }
,
  {
      "is_managed" : "false",
      "native_address" : "0x1055c9dfa",
      "native_offset" : "0x00000"
   }
,
  {
      "is_managed" : "false",
      "native_address" : "0x1053f6fea",
      "native_offset" : "0x00000"
   }
,
  {
      "is_managed" : "false",
      "native_address" : "0x1053831a8",
      "native_offset" : "0x00000"
   }
,
  {
      "is_managed" : "false",
      "native_address" : "0x7fff204cef3d",
      "native_offset" : "0x00000"
   }
,
  {
      "is_managed" : "false",
      "native_address" : "0x5",
      "native_offset" : "0x00000"
   }

  ]
 },
 {
    "is_managed" : true,
    "offset_free_hash" : "0x11a67480d0",
    "offset_rich_hash" : "0x11a67485e3",
    "crashed" : true,
    "native_thread_id" : "0x7000053d3000",
    "thread_info_addr" : "0x7fcdd0b2fc00",
    "thread_name" : "tid_9203",
    "ctx" : {
      "IP" : "0x7fff2048492e",
      "SP" : "0x7000053cbb08",
      "BP" : "0x7000053cbb30"
  },
    "managed_frames" : [
  {
      "is_managed" : "false",
      "native_address" : "unregistered"
   }
,
  {
      "is_managed" : "true",
      "guid" : "92218043-4747-44EA-9D64-D27064C35DCB",
      "token" : "0x00000",
      "native_offset" : "0x0",
      "filename" : "mscorlib.dll",
      "sizeofimage" : "0x472000",
      "timestamp" : "0xa45d0dbd",
      "il_offset" : "0x00000"
   }
,
  {
      "is_managed" : "true",
      "guid" : "92218043-4747-44EA-9D64-D27064C35DCB",
      "token" : "0x00000",
      "native_offset" : "0x0",
      "filename" : "mscorlib.dll",
      "sizeofimage" : "0x472000",
      "timestamp" : "0xa45d0dbd",
      "il_offset" : "0x00015"
   }
,
  {
      "is_managed" : "true",
      "guid" : "BD24F2D5-173E-4EF0-BCAC-9E2F08461AE4",
      "token" : "0x600427f",
      "native_offset" : "0x0",
      "filename" : "System.dll",
      "sizeofimage" : "0x290000",
      "timestamp" : "0xae21f1c6",
      "il_offset" : "0x0026a"
   }
,
  {
      "is_managed" : "true",
      "guid" : "BD24F2D5-173E-4EF0-BCAC-9E2F08461AE4",
      "token" : "0x600447f",
      "native_offset" : "0x0",
      "filename" : "System.dll",
      "sizeofimage" : "0x290000",
      "timestamp" : "0xae21f1c6",
      "il_offset" : "0x00043"
   }
,
  {
      "is_managed" : "true",
      "guid" : "92218043-4747-44EA-9D64-D27064C35DCB",
      "token" : "0x6001ed3",
      "native_offset" : "0x0",
      "filename" : "mscorlib.dll",
      "sizeofimage" : "0x472000",
      "timestamp" : "0xa45d0dbd",
      "il_offset" : "0x00071"
   }
,
  {
      "is_managed" : "true",
      "guid" : "92218043-4747-44EA-9D64-D27064C35DCB",
      "token" : "0x6001ed1",
      "native_offset" : "0x0",
      "filename" : "mscorlib.dll",
      "sizeofimage" : "0x472000",
      "timestamp" : "0xa45d0dbd",
      "il_offset" : "0xffffffff"
   }
,
  {
      "is_managed" : "true",
      "guid" : "92218043-4747-44EA-9D64-D27064C35DCB",
      "token" : "0x6001ed0",
      "native_offset" : "0x0",
      "filename" : "mscorlib.dll",
      "sizeofimage" : "0x472000",
      "timestamp" : "0xa45d0dbd",
      "il_offset" : "0x0002b"
   }
,
  {
      "is_managed" : "true",
      "guid" : "BD24F2D5-173E-4EF0-BCAC-9E2F08461AE4",
      "token" : "0x600427e",
      "native_offset" : "0x0",
      "filename" : "System.dll",
      "sizeofimage" : "0x290000",
      "timestamp" : "0xae21f1c6",
      "il_offset" : "0x00093"
   }
,
  {
      "is_managed" : "true",
      "guid" : "BD24F2D5-173E-4EF0-BCAC-9E2F08461AE4",
      "token" : "0x00000",
      "native_offset" : "0x0",
      "filename" : "System.dll",
      "sizeofimage" : "0x290000",
      "timestamp" : "0xae21f1c6",
      "il_offset" : "0xffffffff"
   }
,
  {
      "is_managed" : "false",
      "native_address" : "unregistered"
   }
,
  {
      "is_managed" : "true",
      "guid" : "BD24F2D5-173E-4EF0-BCAC-9E2F08461AE4",
      "token" : "0x00000",
      "native_offset" : "0x0",
      "filename" : "System.dll",
      "sizeofimage" : "0x290000",
      "timestamp" : "0xae21f1c6",
      "il_offset" : "0x00000"
   }
,
  {
      "is_managed" : "true",
      "guid" : "BD24F2D5-173E-4EF0-BCAC-9E2F08461AE4",
      "token" : "0x6004477",
      "native_offset" : "0x0",
      "filename" : "System.dll",
      "sizeofimage" : "0x290000",
      "timestamp" : "0xae21f1c6",
      "il_offset" : "0x0003a"
   }
,
  {
      "is_managed" : "true",
      "guid" : "92218043-4747-44EA-9D64-D27064C35DCB",
      "token" : "0x6001f2b",
      "native_offset" : "0x0",
      "filename" : "mscorlib.dll",
      "sizeofimage" : "0x472000",
      "timestamp" : "0xa45d0dbd",
      "il_offset" : "0x00025"
   }
,
  {
      "is_managed" : "true",
      "guid" : "92218043-4747-44EA-9D64-D27064C35DCB",
      "token" : "0x6001ed3",
      "native_offset" : "0x0",
      "filename" : "mscorlib.dll",
      "sizeofimage" : "0x472000",
      "timestamp" : "0xa45d0dbd",
      "il_offset" : "0x00071"
   }
,
  {
      "is_managed" : "true",
      "guid" : "92218043-4747-44EA-9D64-D27064C35DCB",
      "token" : "0x6001ed1",
      "native_offset" : "0x0",
      "filename" : "mscorlib.dll",
      "sizeofimage" : "0x472000",
      "timestamp" : "0xa45d0dbd",
      "il_offset" : "0xffffffff"
   }
,
  {
      "is_managed" : "true",
      "guid" : "92218043-4747-44EA-9D64-D27064C35DCB",
      "token" : "0x6001ed0",
      "native_offset" : "0x0",
      "filename" : "mscorlib.dll",
      "sizeofimage" : "0x472000",
      "timestamp" : "0xa45d0dbd",
      "il_offset" : "0x0002b"
   }
,
  {
      "is_managed" : "true",
      "guid" : "92218043-4747-44EA-9D64-D27064C35DCB",
      "token" : "0x00000",
      "native_offset" : "0x0",
      "filename" : "mscorlib.dll",
      "sizeofimage" : "0x472000",
      "timestamp" : "0xa45d0dbd",
      "il_offset" : "0x0002a"
   }

  ],
  "unmanaged_frames" : [
 {
    "is_managed" : "false",
    "native_address" : "0x105431956",
    "native_offset" : "0x00000"
  }
,
 {
    "is_managed" : "false",
    "native_address" : "0x1055cd0d5",
    "native_offset" : "0x00000"
  }
,
 {
    "is_managed" : "false",
    "native_address" : "0x1055cd74a",
    "native_offset" : "0x00000"
  }
,
 {
    "is_managed" : "false",
    "native_address" : "0x10549e9e7",
    "native_offset" : "0x00000"
  }
,
 {
    "is_managed" : "false",
    "native_address" : "0x1054365ee",
    "native_offset" : "0x00000"
  }
,
 {
    "is_managed" : "false",
    "native_address" : "0x10549dcdf",
    "native_offset" : "0x00000"
  }
,
 {
    "is_managed" : "false",
    "native_address" : "0x7fff204f8d7d",
    "native_offset" : "0x00000"
  }
,
 {
    "is_managed" : "false",
    "native_address" : "unregistered"
  }
,
 {
    "is_managed" : "false",
    "native_address" : "0x7fff20408406",
    "native_offset" : "0x00000"
  }
,
 {
    "is_managed" : "false",
    "native_address" : "0x10568af57",
    "native_offset" : "0x00000"
  }
,
 {
    "is_managed" : "false",
    "native_address" : "0x10566bdbf",
    "native_offset" : "0x00000"
  }
,
 {
    "is_managed" : "false",
    "native_address" : "0x10568b3ee",
    "native_offset" : "0x00000"
  }
,
 {
    "is_managed" : "false",
    "native_address" : "0x10568b56f",
    "native_offset" : "0x00000"
  }
,
 {
    "is_managed" : "false",
    "native_address" : "0x10568b5aa",
    "native_offset" : "0x00000"
  }
,
 {
    "is_managed" : "false",
    "native_address" : "0x10567fd7e",
    "native_offset" : "0x00000"
  }
,
 {
    "is_managed" : "false",
    "native_address" : "0x1055c7641",
    "native_offset" : "0x00000"
  }
,
 {
    "is_managed" : "false",
    "native_address" : "0x1055ce2bd",
    "native_offset" : "0x00000"
  }
,
 {
    "is_managed" : "false",
    "native_address" : "0x1055cbf2c",
    "native_offset" : "0x00000"
  }
,
 {
    "is_managed" : "true",
    "guid" : "92218043-4747-44EA-9D64-D27064C35DCB",
    "token" : "0x00000",
    "native_offset" : "0x0",
    "filename" : "mscorlib.dll",
    "sizeofimage" : "0x472000",
    "timestamp" : "0xa45d0dbd",
    "il_offset" : "0x00000"
  }
,
 {
    "is_managed" : "true",
    "guid" : "92218043-4747-44EA-9D64-D27064C35DCB",
    "token" : "0x00000",
    "native_offset" : "0x0",
    "filename" : "mscorlib.dll",
    "sizeofimage" : "0x472000",
    "timestamp" : "0xa45d0dbd",
    "il_offset" : "0x00000"
  }
,
 {
    "is_managed" : "true",
    "guid" : "BD24F2D5-173E-4EF0-BCAC-9E2F08461AE4",
    "token" : "0x600427f",
    "native_offset" : "0x0",
    "filename" : "System.dll",
    "sizeofimage" : "0x290000",
    "timestamp" : "0xae21f1c6",
    "il_offset" : "0x00000"
  }
,
 {
    "is_managed" : "true",
    "guid" : "BD24F2D5-173E-4EF0-BCAC-9E2F08461AE4",
    "token" : "0x600447f",
    "native_offset" : "0x0",
    "filename" : "System.dll",
    "sizeofimage" : "0x290000",
    "timestamp" : "0xae21f1c6",
    "il_offset" : "0x00000"
  }
,
 {
    "is_managed" : "true",
    "guid" : "92218043-4747-44EA-9D64-D27064C35DCB",
    "token" : "0x6001ed3",
    "native_offset" : "0x0",
    "filename" : "mscorlib.dll",
    "sizeofimage" : "0x472000",
    "timestamp" : "0xa45d0dbd",
    "il_offset" : "0x00000"
  }
,
 {
    "is_managed" : "true",
    "guid" : "92218043-4747-44EA-9D64-D27064C35DCB",
    "token" : "0x6001ed1",
    "native_offset" : "0x0",
    "filename" : "mscorlib.dll",
    "sizeofimage" : "0x472000",
    "timestamp" : "0xa45d0dbd",
    "il_offset" : "0x00000"
  }
,
 {
    "is_managed" : "true",
    "guid" : "BD24F2D5-173E-4EF0-BCAC-9E2F08461AE4",
    "token" : "0x00000",
    "native_offset" : "0x0",
    "filename" : "System.dll",
    "sizeofimage" : "0x290000",
    "timestamp" : "0xae21f1c6",
    "il_offset" : "0x00000"
  }
,
 {
    "is_managed" : "false",
    "native_address" : "0x7fff272a4eff",
    "native_offset" : "0x00000"
  }
,
 {
    "is_managed" : "false",
    "native_address" : "0x7fff272a406e",
    "native_offset" : "0x00000"
  }
,
 {
    "is_managed" : "false",
    "native_address" : "0x7fff272a3f67",
    "native_offset" : "0x00000"
  }
,
 {
    "is_managed" : "false",
    "native_address" : "0x7fff272a74d7",
    "native_offset" : "0x00000"
  }
,
 {
    "is_managed" : "false",
    "native_address" : "0x7fff205d7a62",
    "native_offset" : "0x00000"
  }
,
 {
    "is_managed" : "false",
    "native_address" : "0x7fff205aba44",
    "native_offset" : "0x00000"
  }
,
 {
    "is_managed" : "false",
    "native_address" : "0x7fff205ab925",
    "native_offset" : "0x00000"
  }
,
 {
    "is_managed" : "false",
    "native_address" : "0x7fff205a9faf",
    "native_offset" : "0x00000"
  }
,
 {
    "is_managed" : "false",
    "native_address" : "0x7fff205a8f8c",
    "native_offset" : "0x00000"
  }
,
 {
    "is_managed" : "false",
    "native_address" : "0x7fff2062f8b2",
    "native_offset" : "0x00000"
  }
,
 {
    "is_managed" : "false",
    "native_address" : "0x10c350fcc",
    "native_offset" : "0x00000"
  }
,
 {
    "is_managed" : "true",
    "guid" : "BD24F2D5-173E-4EF0-BCAC-9E2F08461AE4",
    "token" : "0x00000",
    "native_offset" : "0x0",
    "filename" : "System.dll",
    "sizeofimage" : "0x290000",
    "timestamp" : "0xae21f1c6",
    "il_offset" : "0x00000"
  }
,
 {
    "is_managed" : "true",
    "guid" : "BD24F2D5-173E-4EF0-BCAC-9E2F08461AE4",
    "token" : "0x6004477",
    "native_offset" : "0x0",
    "filename" : "System.dll",
    "sizeofimage" : "0x290000",
    "timestamp" : "0xae21f1c6",
    "il_offset" : "0x00000"
  }
,
 {
    "is_managed" : "true",
    "guid" : "92218043-4747-44EA-9D64-D27064C35DCB",
    "token" : "0x6001f2b",
    "native_offset" : "0x0",
    "filename" : "mscorlib.dll",
    "sizeofimage" : "0x472000",
    "timestamp" : "0xa45d0dbd",
    "il_offset" : "0x00000"
  }
,
 {
    "is_managed" : "true",
    "guid" : "92218043-4747-44EA-9D64-D27064C35DCB",
    "token" : "0x6001ed1",
    "native_offset" : "0x0",
    "filename" : "mscorlib.dll",
    "sizeofimage" : "0x472000",
    "timestamp" : "0xa45d0dbd",
    "il_offset" : "0x00000"
  }
,
 {
    "is_managed" : "false",
    "native_address" : "0x1053938c2",
    "native_offset" : "0x00000"
  }
,
 {
    "is_managed" : "false",
    "native_address" : "0x1055a2f07",
    "native_offset" : "0x00000"
  }
,
 {
    "is_managed" : "false",
    "native_address" : "0x1055a97b0",
    "native_offset" : "0x00000"
  }
,
 {
    "is_managed" : "false",
    "native_address" : "0x1055cdd5d",
    "native_offset" : "0x00000"
  }
,
 {
    "is_managed" : "false",
    "native_address" : "0x7fff204b38fc",
    "native_offset" : "0x00000"
  }
,
 {
    "is_managed" : "false",
    "native_address" : "0x7fff204af443",
    "native_offset" : "0x00000"
  }

 ]
}
]
}